{"lambdas": [{"acc": 0.21428571428571427, "lck": 0.23963133640552994, "mal": 0.09948979591836735}], "dbscan": [{"eps": 0.3, "samples": 10, "threshold": 1, "avg": 4.908862133815552, "std": 0.21406832173427806}], "happens": [{"ses": 31}]}