{"lambdas": [{"acc": 0.17857142857142858, "lck": 0.09948979591836735, "mal": 0.09948979591836735}], "dbscan": [{"eps": 0.3, "samples": 10, "threshold": 1, "avg": 4.911524500907441, "std": 0.209613495409484}], "happens": [{"ses": 16}]}